Scenario,Average Processing Time
Scenario 1,56.57169079571457
Scenario 2,49.64219703275051
Scenario 3,68.79962993774889
Scenario 4,55.73893385545259
Scenario 5,47.127211331676264
